gap_y,gap_height,time
0.7436391465307066,0.286261774759615,2
0.23446210927576666,0.26643013322889564,4
0.33847706011008183,0.2603392487125144,6
0.24965439111978532,0.25897531628764686,8
